<?xml version="1.0" encoding="UTF-8"?>
<project-private xmlns="http://www.netbeans.org/ns/project-private/1">
    <editor-bookmarks xmlns="http://www.netbeans.org/ns/editor-bookmarks/2" lastBookmarkId="0"/>
    <open-files xmlns="http://www.netbeans.org/ns/projectui-open-files/2">
        <group>
            <file>file:/C:/Users/agirrezabala.peru/Desktop/2.Ebal-2022-23/src/UDP/ServidorUDP.java</file>
            <file>file:/C:/Users/agirrezabala.peru/Desktop/2.Ebal-2022-23/src/TCP/ServidorTCP.java</file>
            <file>file:/C:/Users/agirrezabala.peru/Desktop/2.Ebal-2022-23/src/UDP/ClienteUDP.java</file>
            <file>file:/C:/Users/agirrezabala.peru/Desktop/2.Ebal-2022-23/src/TCP/ClienteTCP.java</file>
        </group>
    </open-files>
</project-private>
